web-scraper-order,web-scraper-start-url,name,year,channel,permission
"1689819843-1","https://www.douban.com/doubanapp/dispatch?uri=/tv/35801116","画江湖之不良人6","2023","",""
"1689819863-2","https://www.douban.com/doubanapp/dispatch?uri=/tv/35912981","青春环游记 第四季","2023","",""
"1689819884-3","https://www.douban.com/doubanapp/dispatch?uri=/tv/36093359","伍六七之暗影宿命","2023","",""
"1689819905-4","https://www.douban.com/doubanapp/dispatch?uri=/tv/36343921","守护解放西番外：我是检察官","2023","",""
"1689819926-5","https://www.douban.com/doubanapp/dispatch?uri=/tv/36245788","高原之歌","2023","",""
"1689819947-6","https://www.douban.com/doubanapp/dispatch?uri=/tv/36253896","十三邀 第七季","2023","",""
"1689819968-7","https://www.douban.com/doubanapp/dispatch?uri=/tv/36431346","密室大逃脱大神版 第五季","2023","",""
"1689819989-8","https://www.douban.com/doubanapp/dispatch?uri=/tv/36253154","这货哪来的","2023","",""
"1689820010-9","https://www.douban.com/doubanapp/dispatch?uri=/tv/36207074","东栏雪","2023","",""
"1689820031-10","https://www.douban.com/doubanapp/dispatch?uri=/tv/36242600","激流时代","2023","",""
"1689820052-11","https://www.douban.com/doubanapp/dispatch?uri=/tv/35469170","妻子的新世界","2023","",""
"1689820073-12","https://www.douban.com/doubanapp/dispatch?uri=/tv/36309158","妖怪传","2023","",""
"1689820094-13","https://www.douban.com/doubanapp/dispatch?uri=/tv/36141052","爱上她的理由","2023","",""
"1689820115-14","https://www.douban.com/doubanapp/dispatch?uri=/tv/35873921","为你逆光而来","2023","",""
"1689820136-15","https://www.douban.com/doubanapp/dispatch?uri=/tv/35679784","风灵玉秀 第二季","2023","",""
"1689820157-16","https://www.douban.com/doubanapp/dispatch?uri=/tv/36221140","二十九","2023","",""
"1689820178-17","https://www.douban.com/doubanapp/dispatch?uri=/tv/36409464","我家是个博物馆","2023","",""
"1689820199-18","https://www.douban.com/doubanapp/dispatch?uri=/tv/36055455","狐妖小红娘 无暮篇","2023","",""
"1689820220-19","https://www.douban.com/doubanapp/dispatch?uri=/tv/36363024","完美世界 特别篇","2023","",""
"1689820241-20","https://www.douban.com/doubanapp/dispatch?uri=/tv/36395362","院人全年无休计划","2023","",""
"1689820262-21","https://www.douban.com/doubanapp/dispatch?uri=/tv/35789731","夜城赋","2023","",""
"1689820283-22","https://www.douban.com/doubanapp/dispatch?uri=/tv/35208398","春日暖阳","2023","",""
"1689820304-23","https://www.douban.com/doubanapp/dispatch?uri=/tv/35461574","乡村爱情15","2023","",""
"1689820325-24","https://www.douban.com/doubanapp/dispatch?uri=/tv/36207403","下酒菜","2023","",""
"1689820346-25","https://www.douban.com/doubanapp/dispatch?uri=/tv/36243281","又见爱人","2023","",""
"1689820367-26","https://www.douban.com/doubanapp/dispatch?uri=/tv/36395359","所有女生的主播","2023","",""
"1689820388-27","https://www.douban.com/doubanapp/dispatch?uri=/tv/36200591","猫之茗 第二季","2023","",""
"1689820409-28","https://www.douban.com/doubanapp/dispatch?uri=/tv/36043531","青梅酸酸你微甜","2023","",""
"1689820430-29","https://www.douban.com/doubanapp/dispatch?uri=/tv/36244363","炼气十万年","2023","",""
"1689820451-30","https://www.douban.com/doubanapp/dispatch?uri=/tv/35639783","我捡起了一地属性","2023","",""
"1689820472-31","https://www.douban.com/doubanapp/dispatch?uri=/tv/36227357","这一刻，梁朝伟对你说","2023","",""
"1689820493-32","https://www.douban.com/doubanapp/dispatch?uri=/tv/36247659","成曦曲","2023","",""
"1689820514-33","https://www.douban.com/doubanapp/dispatch?uri=/tv/36140921","山海际会","2023","",""
"1689820535-34","https://www.douban.com/doubanapp/dispatch?uri=/tv/36206986","大地之上","2023","",""
"1689820556-35","https://www.douban.com/doubanapp/dispatch?uri=/tv/36281091","非常警事","2023","",""
"1689820577-36","https://www.douban.com/doubanapp/dispatch?uri=/tv/36207075","临夜传","2023","",""
"1689820598-37","https://www.douban.com/doubanapp/dispatch?uri=/tv/36198624","17号音乐仓库","2023","",""
"1689820619-38","https://www.douban.com/doubanapp/dispatch?uri=/tv/35316546","脸盲少女的未知爱情","2023","",""
"1689820640-39","https://www.douban.com/doubanapp/dispatch?uri=/tv/36218112","侦心侦意新春演唱会","2023","",""
"1689820661-40","https://www.douban.com/doubanapp/dispatch?uri=/tv/36140903","关喵什么事","2023","",""
"1689820682-41","https://www.douban.com/doubanapp/dispatch?uri=/tv/36207072","下游特工 试播集","2023","",""
"1689820703-42","https://www.douban.com/doubanapp/dispatch?uri=/tv/36287110","样式雷","2023","",""
"1689820724-43","https://www.douban.com/doubanapp/dispatch?uri=/tv/36379076","令人澎湃的西藏","2023","",""
"1689820745-44","https://www.douban.com/doubanapp/dispatch?uri=/tv/36207060","这个年纪还能当大侠吗","2023","",""
"1689820766-45","https://www.douban.com/doubanapp/dispatch?uri=/tv/36243754","扎什伦布","2023","",""
"1689820787-46","https://www.douban.com/doubanapp/dispatch?uri=/tv/36221145","大脑深处","2023","",""
"1689820808-47","https://www.douban.com/doubanapp/dispatch?uri=/tv/34779776","苍兰诀","2022","",""
"1689820829-48","https://www.douban.com/doubanapp/dispatch?uri=/tv/34908108","冰雨火","2022","",""
"1689820852-49","https://www.douban.com/doubanapp/dispatch?uri=/tv/35359490","重生之门","2022","",""
"1689820872-50","https://www.douban.com/doubanapp/dispatch?uri=/tv/34429670","胆小鬼","2022","",""
"1689820893-51","https://www.douban.com/doubanapp/dispatch?uri=/tv/35160920","东八区的先生们","2022","",""
"1689820914-52","https://www.douban.com/doubanapp/dispatch?uri=/tv/36017435","凡人修仙传：初入星海","2022","",""
"1689820935-53","https://www.douban.com/doubanapp/dispatch?uri=/tv/35882624","凡人修仙传：再别天南","2022","",""
"1689820964-54","https://www.douban.com/doubanapp/dispatch?uri=/tv/35765541","长公主在上","2022","",""
"1689820993-55","https://www.douban.com/doubanapp/dispatch?uri=/tv/35563492","一念永恒 第二季","2022","",""
"1689821014-56","https://www.douban.com/doubanapp/dispatch?uri=/tv/36200643","斗罗大陆1 第二十部分","2022","",""
"1689821035-57","https://www.douban.com/doubanapp/dispatch?uri=/tv/35656140","开始推理吧","2022","",""
"1689821056-58","https://www.douban.com/doubanapp/dispatch?uri=/tv/36075504","斗罗大陆1 第十八部分","2022","",""
"1689821077-59","https://www.douban.com/doubanapp/dispatch?uri=/tv/36086348","无限超越班","2022","",""
"1689821098-60","https://www.douban.com/doubanapp/dispatch?uri=/tv/36190858","斗罗大陆1 第十九部分","2022","",""
"1689821127-61","https://www.douban.com/doubanapp/dispatch?uri=/tv/35794147","嗨放派 第二季","2022","",""
"1689821148-62","https://www.douban.com/doubanapp/dispatch?uri=/tv/36060005","斗罗大陆1 第十六部分","2022","",""
"1689821169-63","https://www.douban.com/doubanapp/dispatch?uri=/tv/36070919","斗罗大陆1 第十七部分","2022","",""
"1689821190-64","https://www.douban.com/doubanapp/dispatch?uri=/tv/36001106","斗罗大陆1 第十五部分","2022","",""
"1689821211-65","https://www.douban.com/doubanapp/dispatch?uri=/tv/36001105","斗罗大陆1 第十四部分","2022","",""
"1689821232-66","https://www.douban.com/doubanapp/dispatch?uri=/tv/35863339","登录圆鱼洲","2022","",""
"1689821253-67","https://www.douban.com/doubanapp/dispatch?uri=/tv/35918568","斗罗大陆1 第十三部分","2022","",""
"1689821274-68","https://www.douban.com/doubanapp/dispatch?uri=/tv/35772817","斗罗大陆1 第十二部分","2022","",""
"1689821295-69","https://www.douban.com/doubanapp/dispatch?uri=/tv/35087795","昔有琉璃瓦","2022","",""
"1689821316-70","https://www.douban.com/doubanapp/dispatch?uri=/tv/36015060","全力以赴的行动派","2022","",""
"1689821337-71","https://www.douban.com/doubanapp/dispatch?uri=/tv/35779062","拜托了！别宠我 第三季","2022","",""
"1689821358-72","https://www.douban.com/doubanapp/dispatch?uri=/tv/35295558","不会恋爱的我们","2022","",""
"1689821379-73","https://www.douban.com/doubanapp/dispatch?uri=/tv/35991849","荒野会谈","2022","",""
"1689821400-74","https://www.douban.com/doubanapp/dispatch?uri=/tv/35943634","家有姐妹","2022","",""
"1689821421-75","https://www.douban.com/doubanapp/dispatch?uri=/tv/35797739","骑有此理","2022","",""
"1689821442-76","https://www.douban.com/doubanapp/dispatch?uri=/tv/35890470","怎么办！脱口秀专场","2022","",""
"1689821463-77","https://www.douban.com/doubanapp/dispatch?uri=/tv/35875029","我们民谣2022","2022","",""
"1689821484-78","https://www.douban.com/doubanapp/dispatch?uri=/tv/35196566","完美伴侣","2022","",""
"1689821505-79","https://www.douban.com/doubanapp/dispatch?uri=/tv/35713091","星辰变 第四季","2022","",""
"1689821526-80","https://www.douban.com/doubanapp/dispatch?uri=/tv/36205705","吞噬星空 第3季","2022","",""
"1689821547-81","https://www.douban.com/doubanapp/dispatch?uri=/tv/36318455","完美世界 第三季","2022","",""
"1689821568-82","https://www.douban.com/doubanapp/dispatch?uri=/tv/35772302","万圣街3","2022","",""
"1689821589-83","https://www.douban.com/doubanapp/dispatch?uri=/tv/35936778","跃上高阶职场","2022","",""
"1689821610-84","https://www.douban.com/doubanapp/dispatch?uri=/tv/36314874","天才职业故事","2022","",""
"1689821632-85","https://www.douban.com/doubanapp/dispatch?uri=/tv/35963665","少年圆鱼洲","2022","",""
"1689821652-86","https://www.douban.com/doubanapp/dispatch?uri=/tv/35860993","沸腾校园","2022","",""
"1689821673-87","https://www.douban.com/doubanapp/dispatch?uri=/tv/24733000","云冈","2013","",""
"1689821694-88","https://www.douban.com/doubanapp/dispatch?uri=/tv/35610262","天赐的声音 第三季","2022","",""
"1689821715-89","https://www.douban.com/doubanapp/dispatch?uri=/tv/35126683","婚姻的两种猜想","2022","",""
"1689821736-90","https://www.douban.com/doubanapp/dispatch?uri=/tv/36163223","了不起的朋友","2022","",""
"1689821757-91","https://www.douban.com/doubanapp/dispatch?uri=/tv/36175545","地球上的一年 A Year on Planet Earth","2022","",""
"1689821778-92","https://www.douban.com/doubanapp/dispatch?uri=/tv/36195550","石窟中国","2022","",""
"1689821799-93","https://www.douban.com/doubanapp/dispatch?uri=/tv/36097662","熊出没之古宅探宝","2022","",""
"1689821820-94","https://www.douban.com/doubanapp/dispatch?uri=/tv/35943846","妖神记 第六季","2022","",""
"1689821841-95","https://www.douban.com/doubanapp/dispatch?uri=/tv/35314503","我叫刘金凤","2022","",""
"1689821862-96","https://www.douban.com/doubanapp/dispatch?uri=/tv/35656135","灿烂的前行","2022","",""
"1689821883-97","https://www.douban.com/doubanapp/dispatch?uri=/tv/35716071","星骸骑士完结篇","2022","",""
"1689821904-98","https://www.douban.com/doubanapp/dispatch?uri=/tv/36119231","所有女生的offer2","2022","",""
"1689821925-99","https://www.douban.com/doubanapp/dispatch?uri=/tv/35316479","潇洒佳人淡淡妆","2022","",""
"1689821947-100","https://www.douban.com/doubanapp/dispatch?uri=/tv/30464515","我叫赵甲第","2022","",""
"1689821967-101","https://www.douban.com/doubanapp/dispatch?uri=/tv/35973230","时代夏令营","2022","",""
"1689821988-102","https://www.douban.com/doubanapp/dispatch?uri=/tv/35765341","遇见最极致的中国","2022","",""
"1689822009-103","https://www.douban.com/doubanapp/dispatch?uri=/tv/35937063","快把我哥带走 第五季","2022","",""
"1689822030-104","https://www.douban.com/doubanapp/dispatch?uri=/tv/35766826","宿舍，真不错！","2022","",""
"1689822051-105","https://www.douban.com/doubanapp/dispatch?uri=/tv/35517384","赤焰锦衣卫","2022","",""
"1689822072-106","https://www.douban.com/doubanapp/dispatch?uri=/tv/35840407","如果历史是一群喵 第八季","2022","咪咕视频","VIP免费观看"
"1689822072-107","https://www.douban.com/doubanapp/dispatch?uri=/tv/35840407","如果历史是一群喵 第八季","2022","哔哩哔哩","免费观看"
"1689822093-108","https://www.douban.com/doubanapp/dispatch?uri=/tv/36166591","边走边唱 第二季","2022","",""
"1689822114-109","https://www.douban.com/doubanapp/dispatch?uri=/tv/35633758","做家务的男人 第四季","2022","",""
"1689822135-110","https://www.douban.com/doubanapp/dispatch?uri=/tv/35741485","我的反派夫君","2022","",""
"1689822156-111","https://www.douban.com/doubanapp/dispatch?uri=/tv/35574136","女神酒店","2022","",""
"1689822177-112","https://www.douban.com/doubanapp/dispatch?uri=/tv/35861808","13路末班车","2022","",""
"1689822198-113","https://www.douban.com/doubanapp/dispatch?uri=/tv/27182697","自然的力量·大地生灵","2022","",""
"1689822219-114","https://www.douban.com/doubanapp/dispatch?uri=/tv/35790722","一次远行","2022","腾讯视频","VIP免费观看"
"1689822240-115","https://www.douban.com/doubanapp/dispatch?uri=/tv/35936828","我在人艺学表演","2022","",""
"1689822261-116","https://www.douban.com/doubanapp/dispatch?uri=/tv/36117702","生于1990","2022","",""
"1689822282-117","https://www.douban.com/doubanapp/dispatch?uri=/tv/36117374","人间有味山河鲜","2022","",""
"1689822303-118","https://www.douban.com/doubanapp/dispatch?uri=/tv/35610261","为歌而赞 第二季","2022","",""
"1689822324-119","https://www.douban.com/doubanapp/dispatch?uri=/tv/36085636","如花如荼","2022","",""
"1689822345-120","https://www.douban.com/doubanapp/dispatch?uri=/tv/35762924","不思异：辞典3","2022","",""
"1689822366-121","https://www.douban.com/doubanapp/dispatch?uri=/tv/35679823","李林克的小馆儿 第二季","2022","哔哩哔哩","VIP免费观看"
"1689822387-122","https://www.douban.com/doubanapp/dispatch?uri=/tv/35786410","排队小吃 第二季","2022","",""
"1689822408-123","https://www.douban.com/doubanapp/dispatch?uri=/tv/35786133","潮州味道","2022","",""
"1689822429-124","https://www.douban.com/doubanapp/dispatch?uri=/tv/35954505","街边下饭魂","2022","",""
"1689822450-125","https://www.douban.com/doubanapp/dispatch?uri=/tv/35773199","这个杀手不改需求","2022","优酷视频","VIP免费观看"
"1689822450-126","https://www.douban.com/doubanapp/dispatch?uri=/tv/35773199","这个杀手不改需求","2022","哔哩哔哩","VIP免费观看"
"1689822471-127","https://www.douban.com/doubanapp/dispatch?uri=/tv/36014759","百川综艺季","2022","",""
"1689822492-128","https://www.douban.com/doubanapp/dispatch?uri=/tv/35095264","我的爱与星辰","2022","芒果TV","VIP免费观看"
"1689822513-129","https://www.douban.com/doubanapp/dispatch?uri=/tv/35795262","王牌少年加载中 第二季","2022","腾讯视频","VIP免费观看"
"1689822534-130","https://www.douban.com/doubanapp/dispatch?uri=/tv/36152653","大唐来的苏无名","2022","",""
"1689822555-131","https://www.douban.com/doubanapp/dispatch?uri=/tv/35043465","世界上另一个你","2022","爱奇艺视频","VIP免费观看"
"1689822576-132","https://www.douban.com/doubanapp/dispatch?uri=/tv/36166180","前方高能","2022","",""
"1689822597-133","https://www.douban.com/doubanapp/dispatch?uri=/tv/36118535","盛世修典","2022","芒果TV","免费观看"
"1689822618-134","https://www.douban.com/doubanapp/dispatch?uri=/tv/35999390","超级语文课","2022","哔哩哔哩","免费观看"
"1689822639-135","https://www.douban.com/doubanapp/dispatch?uri=/tv/34923491","山河令","2021","",""
"1689822660-136","https://www.douban.com/doubanapp/dispatch?uri=/tv/30313647","女心理师","2021","",""
"1689822681-137","https://www.douban.com/doubanapp/dispatch?uri=/tv/35467072","一年一度喜剧大赛","2021","",""
"1689822702-138","https://www.douban.com/doubanapp/dispatch?uri=/tv/35236744","五十公里桃花坞","2021","",""
"1689822723-139","https://www.douban.com/doubanapp/dispatch?uri=/tv/26423440","两个人的世界","2021","",""
"1689822744-140","https://www.douban.com/doubanapp/dispatch?uri=/tv/35705160","音途万里","2021","",""
"1689822765-141","https://www.douban.com/doubanapp/dispatch?uri=/tv/35343786","中国新疆之历史印记","2021","",""
"1689822786-142","https://www.douban.com/doubanapp/dispatch?uri=/tv/35360946","中国诗词大会 第六季","2021","",""
"1689822815-143","https://www.douban.com/doubanapp/dispatch?uri=/tv/35466366","完美的夏天 第二季","2021","",""
"1689822836-144","https://www.douban.com/doubanapp/dispatch?uri=/tv/35307434","做梦吧！晶晶","2021","",""
"1689822857-145","https://www.douban.com/doubanapp/dispatch?uri=/tv/35433172","这！就是灌篮 第四季","2021","",""
"1689822878-146","https://www.douban.com/doubanapp/dispatch?uri=/tv/35322686","黑怕女孩","2021","",""
"1689822899-147","https://www.douban.com/doubanapp/dispatch?uri=/tv/35231076","你好，火焰蓝","2021","",""
"1689822920-148","https://www.douban.com/doubanapp/dispatch?uri=/tv/34463335","我的宠物少将军","2021","",""
"1689822941-149","https://www.douban.com/doubanapp/dispatch?uri=/tv/35539492","半熟恋人","2021","",""
"1689822962-150","https://www.douban.com/doubanapp/dispatch?uri=/tv/35165368","创造营2021","2021","",""
"1689822983-151","https://www.douban.com/doubanapp/dispatch?uri=/tv/35236751","拜托了冰箱 轰趴季","2021","",""
"1689823004-152","https://www.douban.com/doubanapp/dispatch?uri=/tv/35231889","戏剧新生活","2021","",""
"1689823025-153","https://www.douban.com/doubanapp/dispatch?uri=/tv/35404210","他在逆光中告白","2021","",""
"1689823046-154","https://www.douban.com/doubanapp/dispatch?uri=/tv/35674156","吞噬星空 第2季","2021","",""
"1689823067-155","https://www.douban.com/doubanapp/dispatch?uri=/tv/35663254","斗罗大陆1 第十一部分","2021","",""
"1689823088-156","https://www.douban.com/doubanapp/dispatch?uri=/tv/35467073","斗罗大陆1 第九部分","2021","",""
"1689823109-157","https://www.douban.com/doubanapp/dispatch?uri=/tv/35587611","斗罗大陆1 第十部分","2021","",""
"1689823130-158","https://www.douban.com/doubanapp/dispatch?uri=/tv/35375972","斗罗大陆1 第八部分","2021","",""
"1689823151-159","https://www.douban.com/doubanapp/dispatch?uri=/tv/35169988","大王饶命","2021","",""
"1689823172-160","https://www.douban.com/doubanapp/dispatch?uri=/tv/35005641","别想打扰我学习","2021","",""
"1689823193-161","https://www.douban.com/doubanapp/dispatch?uri=/tv/35609986","时光代理人 番外篇 比武招亲","2021","",""
"1689823214-162","https://www.douban.com/doubanapp/dispatch?uri=/tv/36097599","完美世界 第二季","2021","",""
"1689823235-163","https://www.douban.com/doubanapp/dispatch?uri=/tv/35465393","开拍吧","2021","",""
"1689823256-164","https://www.douban.com/doubanapp/dispatch?uri=/tv/35371465","冬梦之约","2021","",""
"1689823277-165","https://www.douban.com/doubanapp/dispatch?uri=/tv/27124549","君九龄","2021","",""
"1689823298-166","https://www.douban.com/doubanapp/dispatch?uri=/tv/35623563","雪鹰领主 第三季","2021","",""
"1689823319-167","https://www.douban.com/doubanapp/dispatch?uri=/tv/35482272","我的青铜时代","2021","",""
"1689823340-168","https://www.douban.com/doubanapp/dispatch?uri=/tv/34938003","清落","2021","",""
"1689823361-169","https://www.douban.com/doubanapp/dispatch?uri=/tv/35518790","导演请指教","2021","",""
"1689823389-170","https://www.douban.com/doubanapp/dispatch?uri=/tv/35170370","西行纪之宿命篇","2021","",""
"1689823410-171","https://www.douban.com/doubanapp/dispatch?uri=/tv/35470732","少年说唱企划","2021","",""
"1689823431-172","https://www.douban.com/doubanapp/dispatch?uri=/tv/35231924","接招吧！前辈","2021","",""
"1689823452-173","https://www.douban.com/doubanapp/dispatch?uri=/tv/35474864","牛气满满的哥哥","2021","",""
"1689823473-174","https://www.douban.com/doubanapp/dispatch?uri=/tv/35516523","极限挑战宝藏行·绿水青山公益季","2021","",""
"1689823494-175","https://www.douban.com/doubanapp/dispatch?uri=/tv/35122386","星辰大海","2021","",""
"1689823515-176","https://www.douban.com/doubanapp/dispatch?uri=/tv/35613349","很高兴认识你 第二季","2021","",""
"1689823536-177","https://www.douban.com/doubanapp/dispatch?uri=/tv/35231926","最后的赢家","2021","",""
"1689823557-178","https://www.douban.com/doubanapp/dispatch?uri=/tv/35296323","剩下的11个","2021","",""
"1689823578-179","https://www.douban.com/doubanapp/dispatch?uri=/tv/35663580","时光照相馆的日常","2021","",""
"1689823599-180","https://www.douban.com/doubanapp/dispatch?uri=/tv/35506672","万界仙踪 第5季","2021","",""
"1689823620-181","https://www.douban.com/doubanapp/dispatch?uri=/tv/35668446","生活的减法","2021","",""
"1689823641-182","https://www.douban.com/doubanapp/dispatch?uri=/tv/35236742","明日创作计划","2021","",""
"1689823662-183","https://www.douban.com/doubanapp/dispatch?uri=/tv/35131507","不能恋爱的秘密","2021","",""
"1689823683-184","https://www.douban.com/doubanapp/dispatch?uri=/tv/35609601","这！就是舞者 第四季","2021","",""
"1689823704-185","https://www.douban.com/doubanapp/dispatch?uri=/tv/35638253","这福气给你要不要","2021","",""
"1689823725-186","https://www.douban.com/doubanapp/dispatch?uri=/tv/35651880","超燃美食记","2021","",""
"1689823746-187","https://www.douban.com/doubanapp/dispatch?uri=/tv/35251084","因为是朋友呀","2021","",""
"1689823767-188","https://www.douban.com/doubanapp/dispatch?uri=/tv/35410279","敦煌：生而传奇","2021","",""
"1689823788-189","https://www.douban.com/doubanapp/dispatch?uri=/tv/35603891","探秘三星堆","2021","",""
"1689823809-190","https://www.douban.com/doubanapp/dispatch?uri=/tv/35524872","仅三天可见 第二季","2021","",""
"1689823830-191","https://www.douban.com/doubanapp/dispatch?uri=/tv/35353257","人间指南","2021","",""
"1689823851-192","https://www.douban.com/doubanapp/dispatch?uri=/tv/35376430","营人进入异次元会变成笨蛋吗","2021","",""
"1689823872-193","https://www.douban.com/doubanapp/dispatch?uri=/tv/35573884","脱口秀小会 第二季","2021","",""
"1689823893-194","https://www.douban.com/doubanapp/dispatch?uri=/tv/35634613","决胜21天","2021","",""
"1689823914-195","https://www.douban.com/doubanapp/dispatch?uri=/tv/35336186","为歌而赞","2021","",""
"1689823935-196","https://www.douban.com/doubanapp/dispatch?uri=/tv/35295193","花与罪","2021","",""
"1689823956-197","https://www.douban.com/doubanapp/dispatch?uri=/tv/35237064","偶然闯入的世界","2021","",""
"1689823985-198","https://www.douban.com/doubanapp/dispatch?uri=/tv/35326280","酌见","2021","",""
"1689824006-199","https://www.douban.com/doubanapp/dispatch?uri=/tv/35540850","你好，儿科医生","2021","",""
"1689824027-200","https://www.douban.com/doubanapp/dispatch?uri=/tv/34945709","山野异事","2021","",""
"1689824048-201","https://www.douban.com/doubanapp/dispatch?uri=/tv/35525914","不负热爱","2021","",""
"1689824069-202","https://www.douban.com/doubanapp/dispatch?uri=/tv/35382667","我们，破晓之前","2021","",""
"1689824090-203","https://www.douban.com/doubanapp/dispatch?uri=/tv/35432383","舞蹈生","2021","",""
"1689824119-204","https://www.douban.com/doubanapp/dispatch?uri=/tv/35715711","基金","2021","",""
"1689824177-205","https://www.douban.com/doubanapp/dispatch?uri=/tv/30133797","夺金","2021","",""
"1689824197-206","https://www.douban.com/doubanapp/dispatch?uri=/tv/35656138","大伙之家","2021","",""
"1689824218-207","https://www.douban.com/doubanapp/dispatch?uri=/tv/35622989","冰火魔厨","2021","",""
"1689824239-208","https://www.douban.com/doubanapp/dispatch?uri=/tv/35633784","落脚城市","2021","",""
"1689824260-209","https://www.douban.com/doubanapp/dispatch?uri=/tv/35516647","丁真的自然笔记","2021","",""
"1689824281-210","https://www.douban.com/doubanapp/dispatch?uri=/tv/35472119","隐秘的细节","2021","",""
"1689824302-211","https://www.douban.com/doubanapp/dispatch?uri=/tv/30291376","如意芳霏","2020","",""
"1689824323-212","https://www.douban.com/doubanapp/dispatch?uri=/tv/26759908","清平乐","2020","",""
"1689824344-213","https://www.douban.com/doubanapp/dispatch?uri=/tv/35134297","说唱新世代","2020","",""
"1689824365-214","https://www.douban.com/doubanapp/dispatch?uri=/tv/30186581","平凡的荣耀","2020","",""
"1689824386-215","https://www.douban.com/doubanapp/dispatch?uri=/tv/34979018","这！就是街舞 第三季","2020","",""
"1689824407-216","https://www.douban.com/doubanapp/dispatch?uri=/tv/34456006","创造营2020","2020","",""
"1689824428-217","https://www.douban.com/doubanapp/dispatch?uri=/tv/35191339","斗罗大陆1 第六部分","2020","",""
"1689824449-218","https://www.douban.com/doubanapp/dispatch?uri=/tv/34894619","明星大侦探互动衍生2之目标人物","2020","",""
"1689824470-219","https://www.douban.com/doubanapp/dispatch?uri=/tv/26735602","雷霆战将","2020","",""
"1689824491-220","https://www.douban.com/doubanapp/dispatch?uri=/tv/35256194","斗罗大陆1 第七部分","2020","",""
"1689824512-221","https://www.douban.com/doubanapp/dispatch?uri=/tv/35081634","斗罗大陆1 第五部分","2020","",""
"1689824533-222","https://www.douban.com/doubanapp/dispatch?uri=/tv/34995656","斗罗大陆1 第四部分","2020","",""
"1689824554-223","https://www.douban.com/doubanapp/dispatch?uri=/tv/34894508","德云斗笑社","2020","",""
"1689824575-224","https://www.douban.com/doubanapp/dispatch?uri=/tv/27195027","使徒行者3","2020","",""
"1689824596-225","https://www.douban.com/doubanapp/dispatch?uri=/tv/35022074","龙岭迷窟之最后的搬山道人","2020","",""
"1689824617-226","https://www.douban.com/doubanapp/dispatch?uri=/tv/34822777","中国新说唱 2020","2020","",""
"1689824638-227","https://www.douban.com/doubanapp/dispatch?uri=/tv/35033065","星辰变 第二季","2020","",""
"1689824659-228","https://www.douban.com/doubanapp/dispatch?uri=/tv/35208373","少年ON FIRE","2020","",""
"1689824680-229","https://www.douban.com/doubanapp/dispatch?uri=/tv/34943625","少年梦游记","2020","",""
"1689824701-230","https://www.douban.com/doubanapp/dispatch?uri=/tv/35022487","我要这样生活","2020","",""
"1689824722-231","https://www.douban.com/doubanapp/dispatch?uri=/tv/35265216","魔熙先生 第三季","2020","",""
"1689824743-232","https://www.douban.com/doubanapp/dispatch?uri=/tv/35268000","向着宵夜的方向","2020","",""
"1689824764-233","https://www.douban.com/doubanapp/dispatch?uri=/tv/34894592","奇妙小森林","2020","",""
"1689824785-234","https://www.douban.com/doubanapp/dispatch?uri=/tv/35145523","风味原产地·甘肃","2020","",""
"1689824806-235","https://www.douban.com/doubanapp/dispatch?uri=/tv/35165255","三班，不一般","2020","",""
"1689824827-236","https://www.douban.com/doubanapp/dispatch?uri=/tv/35202923","我们的新家","2020","",""
"1689824848-237","https://www.douban.com/doubanapp/dispatch?uri=/tv/35181055","此画怎讲","2020","",""
"1689824869-238","https://www.douban.com/doubanapp/dispatch?uri=/tv/35295952","重返刺桐城","2020","",""
"1689824890-239","https://www.douban.com/doubanapp/dispatch?uri=/tv/35161098","一起火锅吧","2020","",""
"1689824911-240","https://www.douban.com/doubanapp/dispatch?uri=/tv/35047537","温暖的分贝","2020","",""
"1689824932-241","https://www.douban.com/doubanapp/dispatch?uri=/tv/35196667","快把我哥带走 第四季","2020","",""
"1689824953-242","https://www.douban.com/doubanapp/dispatch?uri=/tv/35165367","平行时空遇见你","2020","",""
"1689824974-243","https://www.douban.com/doubanapp/dispatch?uri=/tv/34894502","认真的嘎嘎们","2020","",""
"1689824995-244","https://www.douban.com/doubanapp/dispatch?uri=/tv/35211628","神奇公司在哪里","2020","",""
"1689825016-245","https://www.douban.com/doubanapp/dispatch?uri=/tv/30279992","想想办法吧！爸爸","2020","",""
"1689825037-246","https://www.douban.com/doubanapp/dispatch?uri=/tv/35307512","雪鹰领主 第二季","2020","",""
"1689825058-247","https://www.douban.com/doubanapp/dispatch?uri=/tv/34938086","和陌生人说话 第三季","2020","",""
"1689825079-248","https://www.douban.com/doubanapp/dispatch?uri=/tv/34967834","天天云时间","2020","",""
"1689825100-249","https://www.douban.com/doubanapp/dispatch?uri=/tv/34958585","中国诗词大会 第五季","2020","",""
"1689825121-250","https://www.douban.com/doubanapp/dispatch?uri=/tv/35230461","很高兴认识你 第一季","2020","",""
"1689825142-251","https://www.douban.com/doubanapp/dispatch?uri=/tv/35299675","秦时明月之晓梦特别篇","2020","",""
"1689825163-252","https://www.douban.com/doubanapp/dispatch?uri=/tv/25758132","黄金大劫案(电视剧)","2020","",""
"1689825184-253","https://www.douban.com/doubanapp/dispatch?uri=/tv/35265476","送一百位女孩回家 第四季","2020","",""
"1689825205-254","https://www.douban.com/doubanapp/dispatch?uri=/tv/35046035","观海策 第二季","2020","",""
"1689825226-255","https://www.douban.com/doubanapp/dispatch?uri=/tv/35102382","720潮流主理人","2020","",""
"1689825247-256","https://www.douban.com/doubanapp/dispatch?uri=/tv/34792317","你成功引起我的注意了","2020","",""
"1689825268-257","https://www.douban.com/doubanapp/dispatch?uri=/tv/30385403","谁都渴望遇见你","2020","",""
"1689825289-258","https://www.douban.com/doubanapp/dispatch?uri=/tv/35133761","完美的夏天","2020","",""
"1689825310-259","https://www.douban.com/doubanapp/dispatch?uri=/tv/35234545","TNT春节太闹腾","2020","",""
"1689825331-260","https://www.douban.com/doubanapp/dispatch?uri=/tv/34799829","我成了他的班主任","2020","",""
"1689825352-261","https://www.douban.com/doubanapp/dispatch?uri=/tv/35172956","虎牙狼人杀 第五季 God Lie","2020","",""
"1689825373-262","https://www.douban.com/doubanapp/dispatch?uri=/tv/34779758","公子，我娶定你了","2020","爱奇艺视频","VIP免费观看"
"1689825394-263","https://www.douban.com/doubanapp/dispatch?uri=/tv/35209613","蒙面唱将猜猜猜 第五季","2020","优酷视频","VIP免费观看"
"1689825415-264","https://www.douban.com/doubanapp/dispatch?uri=/tv/26743544","只为那一刻与你相见","2020","爱奇艺视频","VIP免费观看"
"1689825415-265","https://www.douban.com/doubanapp/dispatch?uri=/tv/26743544","只为那一刻与你相见","2020","优酷视频","VIP免费观看"
"1689825415-266","https://www.douban.com/doubanapp/dispatch?uri=/tv/26743544","只为那一刻与你相见","2020","腾讯视频","VIP免费观看"
"1689825436-267","https://www.douban.com/doubanapp/dispatch?uri=/tv/26344996","爱情的开关","2020","爱奇艺视频","VIP免费观看"
"1689825457-268","https://www.douban.com/doubanapp/dispatch?uri=/tv/35679779","中医故事","2020","",""
"1689825478-269","https://www.douban.com/doubanapp/dispatch?uri=/tv/35236769","观复嘟嘟2020","2020","优酷视频","免费观看"
"1689825499-270","https://www.douban.com/doubanapp/dispatch?uri=/tv/34967081","我的白大褂·抗疫日记","2020","腾讯视频","免费观看"
"1689825499-271","https://www.douban.com/doubanapp/dispatch?uri=/tv/34967081","我的白大褂·抗疫日记","2020","哔哩哔哩","免费观看"
"1689825520-272","https://www.douban.com/doubanapp/dispatch?uri=/tv/35268009","一日谈","2020","",""
"1689825541-273","https://www.douban.com/doubanapp/dispatch?uri=/tv/34973406","我在中国做电影","2020","咪咕视频","免费观看"
"1689825541-274","https://www.douban.com/doubanapp/dispatch?uri=/tv/34973406","我在中国做电影","2020","芒果TV","免费观看"
"1689825541-275","https://www.douban.com/doubanapp/dispatch?uri=/tv/34973406","我在中国做电影","2020","哔哩哔哩","免费观看"
"1689825562-276","https://www.douban.com/doubanapp/dispatch?uri=/tv/34950931","择天记 第五季","2020","腾讯视频","免费观看"
"1689825583-277","https://www.douban.com/doubanapp/dispatch?uri=/tv/34987958","小孩的神秘生活","2020","腾讯视频","VIP免费观看"
"1689825604-278","https://www.douban.com/doubanapp/dispatch?uri=/tv/34969103","日出之食 第三季","2020","",""
"1689825625-279","https://www.douban.com/doubanapp/dispatch?uri=/tv/26617028","拳拳四重奏","2020","腾讯视频","免费观看"
"1689825646-280","https://www.douban.com/doubanapp/dispatch?uri=/tv/35158190","脱口秀小会","2020","",""
"1689825667-281","https://www.douban.com/doubanapp/dispatch?uri=/tv/35067625","亲爱的，请放松","2020","",""
"1689825697-282","https://www.douban.com/doubanapp/dispatch?uri=/tv/35141318","最美不过菜市场","2020","腾讯视频","免费观看"
"1689825718-283","https://www.douban.com/doubanapp/dispatch?uri=/tv/35352390","奇妙博物馆 第二季","2020","芒果TV","免费观看"
"1689825718-284","https://www.douban.com/doubanapp/dispatch?uri=/tv/35352390","奇妙博物馆 第二季","2020","哔哩哔哩","免费观看"
"1689825748-285","https://www.douban.com/doubanapp/dispatch?uri=/tv/34880054","拾光的秘密","2020","芒果TV","VIP免费观看"
"1689825769-286","https://www.douban.com/doubanapp/dispatch?uri=/tv/27193133","我为歌狂之旋律重启","2020","哔哩哔哩","VIP免费观看"
"1689825790-287","https://www.douban.com/doubanapp/dispatch?uri=/tv/34967983","云端 第二季","2020","",""
"1689825811-288","https://www.douban.com/doubanapp/dispatch?uri=/tv/34947626","偷心画师","2020","优酷视频","VIP免费观看"
