剧名,集数,制作,首播,主演,题材
幕后之王,46,2017,1月5日 北京/东方卫视,周冬雨、罗晋、刘芮麟、王骁、邬立朋、谢君豪、种丹妮、陈燃,都市
龙族的后裔,30,2016,1月6日 河南卫视周播,陈月末、许还山,古装
新大头儿子和小头爸爸Ⅱ,50,2017,1月7日 爱奇艺,王浩宇、陈梓妍、黄筱赞、龙子涵、顺心,青少
小女花不弃,51,2018,1月8日 浙江卫视周播剧场,林依晨、张彬彬、林柏宏、孙祖君、黄心娣,古装
我的冤家住对门,30,2013,1月11日 山东卫视,陈赫、包贝尔、王鸥、张瑞涵（客串:李晨）,都市
皓镧传,62,2017,1月19日 爱奇艺,吴谨言、茅子俊、聂远、宁静、王志飞、谭卓、海铃、洪尧、姜梓新、何奉天、王琳、方安娜,古装
招摇,55,2017,1月28日 湖南卫视青春进行时,白鹿、许凯、代旭、米露,古装
我的亲爹和后爸,40,2017,1月30日 东方卫视,张译、张国立、李建义、买红妹、高晓菲、姚远、潘辰（客串:岳云鹏）,都市
四大才子 / 四大才子之真假唐伯虎,8,2018,2月3日 上海都市频道,钱泳辰、文松、王汝刚,古装
往事云烟,48,2015,2月9日 江苏城市频道,江一燕、段奕宏、斯琴高娃、刘佩琦、李勤勤,民初
独孤皇后,50,2017,2月11日 腾讯视频/优酷/爱奇艺,陈乔恩、陈晓、戚迹、海陆、瑛子、蒋恺,古装
错落的音符,30,2017,2月12日 爱奇艺,闻典、杨青竹,青春
逆流而上的你,40,2018,2月12日 湖南卫视金鹰独播剧场,马丽、潘粤明、孙坚、李乃文、黄梦莹、刘威葳,都市
东宫,55,2017,2月14日 优酷（首播），2020年1月14日 湖南卫视偶像独播剧场（上星）,陈星旭、彭小苒、魏千翔、斯琴高娃、罗嘉良、杨恭如、王志飞、张定涵、蒋恺,古装
北漂爱情故事,20,2017,2月20日 爱奇艺,高阳、何乙轩、黄鑫、褚旭、丁香紫（客串:鲍春来、李行亮、董立范）,都市
茉莉,38,2017,2月24日 泰州二套,陈紫函、刘长德、高基才、代文雯,都市
黄金瞳,56,2018,2月26日 爱奇艺（首播），4月20日 东方卫视白天档（上星）,张艺兴、王紫璇、李立群、王栎鑫,都市
倚天屠龙记,50,2018,2月27日 腾讯视频,曾舜晞、陈钰琪、祝绪丹、张超人、周海媚、曹曦月、黑子、陶珞依、许雅婷、邬靖靖、安泽豪、傅隽、师小红、贺刚（客串:林雨申、李依晓、李解、沈保平）,古装
都挺好,46,2018,3月1日 浙江/江苏卫视,姚晨、倪大红、郭京飞、杨祐宁、李念、高露、高鑫、张晨光、彭昱畅,都市
鼓楼外,40,2016,3月1日 深圳都市频道（首播），2022年3月17日 北京卫视（上星）,于震、边潇潇、杜源,都市
只为遇见你,53,2018,3月10日 湖南卫视金鹰独播剧场,张铭恩、文咏珊、魏千翔、汤梦佳、马雅舒、季肖冰（客串:李建义、戴娇倩）,都市
重耳传奇,78,2016,3月12日 浙江卫视周播,王龙华、张含韵、张一山、蒲巴甲、麦迪娜、沈梦辰、谭凯、甘婷婷、贺刚、郭晓然、程媛媛、林永健、王刚、王艳、保剑锋、翁虹、龚蓓苾、金巧巧、陈紫函、李宗翰、买红妹、张亮、洪剑涛、侯耀华,古装
让我听懂你的语言,38,2016,3月20日 央视八套,邱泽、陆怡璇、张小磊、刘德凯,青春
三一四侦探团,24,2018,3月20日 爱奇艺,孙嘉良、潘子瑶,青少
青春斗,38,2018,3月24日 北京/东方卫视,郑爽、盖玥希、徐悦、陈小纭、王秀竹（客串:王阳、任重、张铎）,青春
夜空中最闪亮的星,44,2017,3月25日 爱奇艺/腾讯视频/芒果TV（首播），7月10日 湖南卫视白天档（上星）,黄子韬、吴倩、牛骏峰、曹曦月（客串:秦岚、王劲松、魏大勋）,青春
推手,47,2017,3月26日 浙江/江苏卫视,贾乃亮、王鸥、刘欢、边潇潇、王劲松、李天柱,都市
小幸福,40,2016,3月30日 宁波社会生活频道（首播），2021年2月7日 湖北卫视（上星）,姜武、牛莉、韩童生、刘莉莉、斯琴高娃、洪剑涛、程梓、何云伟、Mike隋、贾清茹（客串:张嘉译、闫妮、王劲松）,都市
面具背后,42,2014,4月1日 央视八套,李东学、张俪、林源、胡海锋、寇振海、俞小凡、冯恩鹤、何赛飞,民初
新白娘子传奇,36,2018,4月3日爱奇艺（首播），2020年1月23日 深圳卫视下午（上星）,于朦胧、鞠婧祎、裴子添、肖燕、聂子皓、虞朗、冯建宇（客串:谢君豪、黄恺杰、赵樱子、吴大维、王姬）,古装
我的波塞冬,34,2018,4月4日 芒果TV,张云龙、李凯馨、张峻宁、龙政璇、刘俊孝、乔璇,科幻
封神演义,65,2015,4月8日 湖南卫视青春进行时,王丽坤、罗晋、张博、邓伦、于和伟、胡静、邹兆龙,古装
如果可以这样爱,46,2015,4月9日 湖南卫视金鹰独播剧场,佟大为、刘诗诗、保剑锋,都市
趁我们还年轻,40,2017,4月13日 东方卫视,张云龙、乔欣、刘芮麟、黄梦莹、代斯、黄柏钧,都市
新人在旅途,38,2015,4月14日 温岭电视台,陈键锋、高露、王思懿、汤镇宗、寇振海,都市
你好，对方辩友,30,2018,4月15日 芒果TV,潘宥诚、林昕宜、杰士鸣,青少
爱上你，治愈我,42,2017,4月17日 优酷/爱奇艺/腾讯视频,窦骁、苗苗、彭冠英、王思思、金士杰、潘虹、郑湫泓、张峻宁,都市
一场遇见爱情的旅行,52,2018,4月20日 浙江/江苏卫视,陈晓、景甜、何明翰、秦杉（客串:刘威、丁勇岱、刘奕君）,都市
我只喜欢你,35,2018,4月29日 优酷/腾讯视频,吴倩、张雨剑、赵志伟,青春
七日生,28,2018,5月3日 东方卫视,李晨、王千源、杨采钰、石纯子、王伯昭、魏晚秋、王姬,悬疑
筑梦情缘,60,2018,5月6日 湖南卫视金鹰独播剧场,霍建华、杨幂、冯雷、姜宏波、张峻宁,民初
听雪楼,56,2018,5月6日 腾讯视频,秦俊杰、袁冰妍、韩承羽、袁澧林、林源、赵东泽、宣萱、傅程鹏、张天阳、习雪、白澍 （客串:杨明娜、娜仁花）,古装
我们都要好好的！,47,2017,5月8日 北京卫视,杨烁、刘涛、金晨（客串:赵亮、张铎）,都市
我们的生活充满阳光,28,2016,5月10日 安徽卫视,邵峰、巩汉林、张哲华、杜帅、李然、侯振鹏、任铭松、陈嘉男（客串:李明启、李勤勤）,都市
白发,58,2018,5月15日 爱奇艺/腾讯视频/优酷,张雪迎、李治廷、经超、罗云熙、陈欣予,古装
我要和你在一起,65,2018,5月18日 江苏卫视,柴碧云、孙绍龙,都市
我的真朋友,48,2018,5月19日 浙江/东方卫视,Angelababy、邓伦、朱一龙、许娣、谭凯,都市
亲爱的婚姻,42,2015,5月22日 芒果TV（首播），5月24日 安徽卫视（上星）,刘涛、马天宇、王耀庆、吕佳容、郑罗茜、马羚、李茂、周绍栋,婚姻
凤弈,41,2018,5月28日 腾讯视频,何泓姗、徐正溪、曹曦文、黎耀祥,古装
水男孩,28,2012,5月29日 优酷,周孝安、曾恺玹、海陆、韩承羽、徐小飒、钟凯,青春
班长“殿下”,36,2017,5月30日 腾讯视频/芒果TV,牛骏峰、邢菲、刘宇航、杨欣颖、李依玲,青春
上下五千年系列情景剧之姥姥教我弟子规,30,2014,5月31日 搜狐视频,孙桂田、葛起豪（客串:雷恪生 、张一山）,青少
茉莉茉莉,20,2018,6月1日 优酷,查李米娅、梁宛婷、张家豪、邢紫涵、刘安吉,科幻
大宋少年志,42,2018,6月3日 湖南卫视青春进行时,张新成、周雨彤、王佑硕,古装
强风吹拂,28,2018,6月6日 优酷,邢昭林、李凯馨、查侬·散顶腾古,青春
少年派,40,2018,6月9日 湖南卫视金鹰独播剧场,张嘉译、闫妮、赵今麦、郭俊辰、王玉雯、姜冠南（客串:王琳、黄曼）,都市
带着爸爸去留学,46,2018,6月13日 浙江/东方卫视,孙红雷、辛芷蕾、曾舜晞、蒋依依、刘敏涛、涂松岩、杨玏、檀健次,都市
亲爱的老板,36,2014,6月16日 宁波社会生活频道,梅婷、黄觉、熊乃瑾、杨旭文（客串:龚蓓苾）,都市
追球,36,2018,6月17日 爱奇艺,范世锜、卜冠今、李艺彤、黄圣池、朱元冰、李汶翰,都市
神探柯晨,51,2017,6月22日 爱奇艺（首播），6月24日 北京卫视（上星）,黄志忠、吴刚、李倩、柳小海、左小青、吴越、沙溢、柯蓝、程煜、金士杰、白志迪、邵兵、谭凯、吕一、练束梅（客串:包贝尔、王劲松）,民初
魔法学院之六大令牌,22,2018,6月25日 爱奇艺,黄天崎,青少
长安十二时辰,48,2017,6月27日 优酷视频（首播），2020年6月8日 广东卫视（上星）,雷佳音、易烊千玺,古装
那片花那片海,42,2018,6月30日 央视八套,曾泳醍、张陆、林佑威（客串:颜丹晨）,都市
流淌的美好时光,52,2017,7月1日 湖南卫视金鹰独播剧场,马天宇、郑爽、柴碧云,都市
亲爱的，热爱的,41,2018,7月9日 浙江/东方卫视,杨紫、李现、李鸿其、胡一天,都市
请赐我一双翅膀,60,2017,7月9日 优酷/爱奇艺/腾讯视频,鞠婧祎、炎亚纶、韩栋、张予曦、米热、朱圣祎、谢君豪、王艺曈、王艳、陶慧敏、元华、邱心志、寇振海、蒋恺、修庆,民初
宸汐缘,60,2018,7月15日 爱奇艺（首播），2020年1月26日 深圳/湖北卫视（上星）,张震、倪妮、李东学、张芷溪、李嘉铭、海铃、刘芊含,古装
海岛救护队,32,2011,7月15日 爱奇艺,毛俊杰、吴毅将、张俪、金珈,都市
时间都知道,50,2017,7月16日 北京卫视,唐嫣、窦骁、杨烁、吕一、蓝盈莹、李茂、周奇奇,都市
九州缥缈录,56,2017,7月16日 浙江卫视周播,刘昊然、宋祖儿、陈若轩、许晴、张志坚、李光洁、王鸥、陈昊宇、江柏萱、宣言、张智尧、姬他,古装
不可思议的晴朗,24,2018,7月17日 芒果TV,潘宥诚、赵昭仪、罗正、陈意涵、田依桐、王旭东、向涵之、刘思辰,青春
归还世界给你（上） /,60,2017,7月19日 江苏卫视,杨烁、古力娜扎、徐正溪、赵樱子,都市
世界归还给你（下）,,,,,
七月与安生,53,2018,7月22日 爱奇艺,沈月、陈都灵、熊梓淇、邹廷威、梁靖康、徐小飒（客串:曾黎、刘涛）,青春
奋斗吧，少年！,40,2018,7月22日 湖南卫视青春进行时,彭昱畅、董力、张逸杰、谢彬彬、朱致灵、徐可,青春
青年霍元甲之威震津门,46,2018,7月22日 南京教科频道,李浩轩、刘一烊、巩汉林、申军谊,古装
舞法天女绚彩归来,33,2018,7月23日 腾讯视频,穆梦娇、克拉拉·卡米力、乌苏娜·艾米莉,青少
浅情人不知,40,2018,7月24日 安徽/深圳卫视,胡耘豪、康宁、赵毅新,都市
加油，你是最棒的,44,2018,7月31日 湖南卫视金鹰独播剧场,邓伦、马思纯、韩童生、倪虹洁,都市
小欢喜,49,2018,7月31日 浙江/东方卫视,黄磊、海清、陶虹、王砚辉、咏梅,都市
烈火军校,48,2018,8月6日 爱奇艺,白鹿、许凯、李程彬、吴佳怡、王一哲、李俊逸、刘润南、洪尧、高雨儿、邵兵、刘敏、林佑威（客串:尹正、安悦溪、董力、左小青、方安娜、李勤勤）,民初
读心,41,2017,8月8日 优酷,李小璐、李佳航、李泽锋、陈小纭、陈依莎、黄俊鹏,都市
上道,28,2016,8月9日 爱奇艺,向佐、贡米、唐晓天、涂黎曼、张南、洪顺辉、张锦程,科幻
山月不知心底事,48,2018,8月20日 江苏卫视,宋茜、欧豪、孙铱、唐禹哲、夏宁骏、万潼、林田媛、丁勇岱、温峥嵘、杨童舒,都市
遇见幸福,42,2018,8月26日 湖南卫视金鹰独播剧场,蒋欣、李光洁、郭京飞、刘孜、刘佩琦、钱芳、张绍荣、洪剑涛、刘威,都市
顾靖尧与林湘君,39,2017,8月28日 厦视三套,,
最美的安排,48,2018,8月29日 央视八套,范明、颜丹晨、温玉娟、周铁,都市
我的莫格利男孩,50,2018,8月29日 爱奇艺（首播），2020年4月12日 深圳卫视（上星）,马天宇、杨紫、傅孟柏、任言恺、黄灿灿、王真儿,都市
拜托啦师兄,38,2018,8月30日 优酷,徐开骋、刘帅良、范津玮、王家珧,青春
谁的青春不迷茫之我在未来等你,36,2018,9月9日 爱奇艺,李光洁、费启鸣、孙千（客串:佟丽娅、徐怀钰、叶祖新）,青春
你是我的答案,42,2018,9月9日 湖南卫视青春进行时,郭晓东、吴谨言、潘时七,都市
亲·爱的味道,39,2017,9月10日 江苏卫视周播剧场,陆毅、郭采洁、炎亚纶、艾晓琪、李莎旻子（客串:包小松、狄志杰、钟欣凌、孔令美、林美秀）,都市
新龙门客栈,58,2017,9月14日 美国城市卫视18.9频道,戚薇、马可、沈梦辰、保剑锋、宗峰岩、傅颖、叶子淇、陈晓东、杨明娜、季晨、叶子淇,古装
十年三月三十日,39,2017,9月19日 腾讯视频/爱奇艺（首播），12月13日 深圳卫视（上星）,窦骁、古力娜扎、徐正溪、宋妍霏、王姿允、金泽灏、连凯（客串:蒋毅）,都市
激荡,46,2018,9月22日 湖南卫视金鹰独播剧场,任重、郭晓东、李念、车晓（客串:侯勇）,都市
在远方,54,2018,9月22日 浙江/东方卫视,刘烨、马伊琍、梅婷、保剑锋、曾黎,都市
世界欠我一个初恋,24,2018,9月25日 爱奇艺（首播），2020年8月14日 深圳卫视下午（上星）,邢昭林、白鹿、翟子路、陈昊蓝（客串:方芳）,都市
不负时光,38,2017,10月2日 腾讯视频/爱奇艺,安悦溪、邢昭林,都市
我知道你的秘密,34,2018,10月4日 优酷,黄宗泽、叶青、曲高位、吴欣蔓、刘显达、章涛,悬疑
彩虹的重力,40,2018,10月16日 腾讯视频,高以翔、宣璐、张亮、锦荣、岳以恩、林佑威、张柏嘉、黄柏钧,都市
我爱你这是最好的安排,48,2017,10月16日 芒果TV,张彬彬、郑合惠子、高洋、孔舒航、张颖颖,都市
我的机器人男友,42,2017,10月21日 浙江卫视周播,姜潮、毛晓彤、刘天佐、李小冉,青春
热血少年,58,2018,10月22日 爱奇艺,黄子韬、张雪迎、刘宇宁、曹曦月、朱杰、王子腾,民初
初恋那件小事,36,2019,10月23日 湖南卫视青春进行时,赖冠霖、赵今麦、柴蔚、王润泽、王博文、陈柯帆（客串:徐海乔、吕一）,青春
扑通扑通的青春,30,2018,10月23日 优酷,谷嘉诚、戚砚笛、查侬·散顶腾古、孙伟豪,都市
海棠经雨胭脂透,52,2017,10月24日 芒果TV（首播），2020年1月13日 浙江卫视周播（上星）,邓伦、李一桐、应昊茗、张雅卓、方中信、李若彤、黄文豪、白珊,民初
北京地铁,31,2016,11月2日 北京影视频道(中午),蓝盈莹、邬立朋、高鑫、傅晶、张光北,都市
谁的青春不叛逆,44,2017,11月3日 芒果TV,于朦胧、毛晓彤、梁大维,青春
进击的剧组,20,,11月4日 四川经济频道,吴星鑫、李永鑫,都市
桔子街的断货男,52,2017,11月5日 徐州经济生活频道,王耀庆、车晓、杨玏、郭家铭,都市
看见味道的你,25,2018,11月7日 爱奇艺,龚俊、宋伊人,都市
谋圣鬼谷子,52,2013,11月8日 youtube,段奕宏、戚薇、徐麒雯、祖峰、倪大宏、房子斌,古装
鹤唳华亭,60,2018,11月12日 优酷,罗晋、李一桐、黄志忠、张志坚、苗圃、金瀚、郑业成、王雨、程小蒙、邱心志,古装
鳄鱼与牙签鸟,50,2018,11月18日 湖南卫视金鹰独播剧场,陈柏霖、张天爱、吴昊宸、黄一琳,都市
第二次也很美,57,2018,11月20日 东方卫视,王子文、张鲁一、于小伟、于明加、徐好、谢帅、夏梓桐、李亭哲（客串:董力、刘威、张本煜）,都市
乔安你好,38,2018,11月21日 浙江/江苏卫视,郑元畅、颖儿、何杜娟、蒋龙、金泽、张浩天、王紫潼（客串:吴卓翰、刘牧）,都市
极速救援,40,2018,11月25日 湖南卫视青春进行时,张赫、王佳宇、魏哲鸣、刘忻,都市
庆余年,46,2018,11月26日 爱奇艺/腾讯视频（首播），2020年2月3日 浙江卫视白天档（上星）,张若昀、李沁、陈道明、吴刚、李小冉、辛芷蕾、李纯、宋轶、刘桦、田雨、王阳、于小伟（客串:袁泉、于荣光）,古装
青春抛物线,40,2017,11月27日 爱奇艺/腾讯视频/优酷,于朦胧、苗苗、周游、陈欣予,青春
澳门人家,32,2019,11月29日 央视一套,任达华、董洁、柯蓝、江珊、李立群、冯嘉怡、岳旸,都市
热爱,37,2017,12月1日 北京卫视,杨玏、啜妮、刘敏涛、张晨光、牛莉、梁冠华、吕中、柯蓝、刘蓓、范伟、张歆艺、范明、黄圣依、王博文、鲁照华（客串:黄志忠、郝蕾、喻恩泰、王迅、娟子）,都市
剑王朝,34,2017,12月6日 爱奇艺,李现、李一桐、刘奕君、姚笛、赵圆瑗、何润东、肖旭、张维娜、刘凯、刘怡潼、宗峰岩、刘海蓝,古装
七彩虹部落,52,2018,12月6日 CCTV-14 少儿,窦新豪、张馨儿,青少
瀛寰之志,42,2011,12月10日 乐视视频,单瑛哲、王雅伦、毛俊杰、姜武、吴镇宇、刘威,古装
梦在海这边,44,2019,12月11日 浙江/江苏卫视,李念、朱雨辰、毛林林、毛毅、丁勇岱（客串:郭京飞、王耀庆、于波、茹萍）,都市
80度爱恋,12,2018,12月14日 广东电视台珠江频道,王子彤、骆俊帆、杨思琦,都市
闪光少女,24,2018,12月16日 爱奇艺,周依然、郝富申、王安宇、李昳晨,青春
大明风华,62,2017,12月17日 湖南卫视金鹰独播剧场,汤唯、朱亚文、邓家佳、乔振宇、吴越、梁冠华、俞灏明、王学圻、张艺兴,古装
精英律师,42,2019,12月20日 北京/东方卫视,靳东、蓝盈莹、孙淳、田雨、刘敏涛、朱珠、代旭、邬君梅、海一天、吴越、王阳、钱波、许娣、凌潇肃、乔振宇、蒋欣、李宗翰、张晞临,都市
锦衣之下,55,2017,12月28日 爱奇艺/芒果TV（首播），2021年1月18日 广东卫视（上星）,任嘉伦、谭松韵、韩栋、叶青、姚奕辰、路宏、韩承羽、习雪,古装
最亲最爱的人,44,2016,12月30日 河北农民频道,邓家佳、明道、何赛飞、白凡,都市
心冤,10,2017,1月7日 腾讯视频,惠英红、谢君豪,悬疑
公主驾到,25,2017,1月8日 优酷,方妍心、王璐鑫、沈世朋、郑惜月、严子贤,古装
众王驾到,24,2017,1月9日 芒果TV,代文雯、高泰宇,科幻
独家记忆,24,2018,1月14日 爱奇艺,张超、李婷婷,青春
镇灵攻略第一季,12,2017,1月15日 爱奇艺,符龙飞、邓宁、洪冰瑶,科幻
奈何BOSS要娶我,20,2018,1月17日 搜狐视频/芒果TV,徐开骋、易柏辰、王双,青春
绝世千金,24,2018,1月17日 爱奇艺,龚俊、郑湫泓、方逸伦,古装
怒晴湘西,21,2018,1月21日 腾讯视频,潘粤明、高伟光、辛芷蕾、曹卫宇,民初
乡村爱情11,60,2018,1月26日 优酷,马心怡、闫光明、毕畅、王小利、刘小光、唐鉴军、蔡维利、于月仙、贺树峰、宋晓峰（客串:赵本山、狄龙）,乡土
最动听的事,24,2017,1月28日 优酷/芒果TV,赵露思、王以纶,都市
八分钟的温暖,31,2018,1月30日 腾讯视频,陈汛、丁禹兮、姜卓君、朱丹妮（客串:胡夏）,青春
少林小英雄,12,2017,2月1日 爱奇艺,释小松、郝怡霖,古装
失控,24,2018,2月12日 优酷,李李仁、贾景晖,悬疑
彗星来的那一夜,16,2018,2月13日 芒果TV,符龙飞、汤梦佳,都市
甜心软糖第一季,12,2018,2月14日 爱奇艺,马倩倩、郑鹏、王文轩,都市
我的奇妙男友2之恋恋不忘,38,2017,2月14日 芒果TV,Mike D. Angelo、虞书欣（客串:田丽、张立威）,科幻
大唐魔盗团,24,2017,2月20日 腾讯视频,吴优、陈希郡、刘萌萌、葛铮、张承、张晔、宋海颉,古装
能耐大了第一季,12,2018,2月25日 爱奇艺,张鹤伦、高峰、栾云平、杨九郎、孟鹤堂、鄂靖文、任铭松、李思睿、张云雷、李鹤彪,都市
镇灵攻略第二季,12,2017,2月26日 爱奇艺,符龙飞、邓宁、洪冰瑶,科幻
小伶魔法世界,10,,3月1日 腾讯视频,小伶、夏天、悦儿,青少
诡使神差,12,2017,3月4日 爱奇艺,冯建宇、王蕴凡、陶思源,科幻
最后一个女神,12,2017,3月7日 爱奇艺,曹琦、蒙恩、祖怀、冯俊杰,科幻
能耐大了第二季,12,2018,2月25日 爱奇艺,张鹤伦、高峰、栾云平、杨九郎、孟鹤堂、鄂靖文、任铭松、李思睿、张云雷、李鹤彪,都市
爱上北斗星男友,36,2018,3月13日 爱奇艺,徐璐、张铭恩、任言恺、吴昕（客串:罗嘉良、温碧霞、曹炳琨、邓莎）,都市
嘀！男友卡,20,2018,3月13日 芒果TV,易恒、成果、马梓铭、石雪婧、李俊锋、刘芷微,青春
拜见宫主大人2,22,2018,3月14日 搜狐视频,关智斌、孙雪宁（客串:易柏辰）,古装
大周小冰人,24,2018,3月15日 爱奇艺,曾梦雪、戴景耀、黄甫桀,古装
大宋北斗司,36,2017,3月19日 爱奇艺/腾讯视频,徐可、代露娃、张雨剑、黄灿灿,古装
等等啊我的青春,24,2018,3月19日 优酷,厉嘉琪、赵弈钦、李歌洋、许梦圆、董岩磊,青春
人鱼恋爱法则第一季,12,2018,3月20日 爱奇艺,李俊瑶、王彦彬、范晓东、何其炜,青春
甜心软糖第二季,12,2018,3月21日 爱奇艺,马倩倩、郑鹏、王文轩,都市
玛丽学园,20,2018,3月21日 腾讯视频,蒋毓玮、方楚彤,青春
我们的十八岁,12,2018,3月27日 优酷,张驰、姜星呈、石晶晖,青春
暗黑者第三季,24,2016,3月28日 腾讯视频,郭京飞、李倩、魏千翔、曲少石、杜若溪、胡耘豪,涉案
铁探,30,2018,4月1日 腾讯视频,袁伟豪、惠英红、姜皓文、蔡思贝、黄智贤、杨明、许绍雄、梁竞徽（特别演出： 石修、陈敏之）,涉案
人鱼恋爱法则第二季,12,2018,4月4日 爱奇艺,李俊瑶、王彦彬、范晓东、何其炜,青春
致我们暖暖的小时光,24,2018,4月10日 腾讯视频,邢菲、林一、唐晓天、郑英辰,青春
民国少年侦探社,30,2017,4月11日 优酷,刘彤、虞祎杰、张玮航、李星、于美红、郑丞丞、熊梓淇,民初
罪夜无间,27,2017,4月16日 优酷,王泷正、甘露、纪宁,悬疑
绅探,24,2018,4月18日 腾讯视频,白宇、尤靖茹、季晨,民初
哈哈健身房,12,2018,4月23日 搜狐视频,靳锦、吴昱瑶、宿丹、路婧绮,都市
罪恶消亡史,12,2018,4月25日 爱奇艺,于青斌、顾权、刘楚玄,悬疑
出线了，初恋,30,2018,4月30日 芒果TV,陈子由、郑合惠子,青春
机动部队,30,2018,5月6日 优酷,林峯、蔡卓妍、方中信、谭耀文、张继聪、温碧霞（客串:林雪、张锦程、石修、苑琼丹）,涉案
何人生还,24,2017,5月9日 腾讯视频,李玉洁、吴文璟,悬疑
站在你的角度看我第一季,12,2018,5月15日 爱奇艺,朱圣祎、王关彭、徐晗,都市
非常Y星人,20,2017,5月22日 爱奇艺,徐立、强川,科幻
马卡龙少女,24,2018,5月23日 芒果TV,陈芋米、吕勇卓、蒲萄、刘名凯、金灿、王紫金,都市
爵迹临界天下,48,2017,5月27日 爱奇艺,郑元畅、张铭恩、黄梦莹、季晨、熊乃瑾,古装
一往无前,12,2017,5月27日 爱奇艺,贺庆智、任悦,都市
青囊传,36,2018,5月30日 优酷,李宏毅、赵露思、张思帆,民初
动物管理局,24,2017,6月5日 爱奇艺,陈赫、王子文、唐晓天、孔宋今、龙斌、谭泉、黄天元、黄一琳（客串:郭京飞、凤小岳、海一天、陈芋米）,科幻
未来的秘密,5,2019,6月5日 爱奇艺,丁禹兮、张舒沦、黄米依、曾淇,科幻
怒海潜沙&秦岭神树,40,2018,6月6日 腾讯视频,侯明昊、成毅、李曼、张博宇、斯琴高娃、刘学义、韩承羽、姚奕辰、张天阳,悬疑
陪你到世界之巅,35,2018,6月9日 芒果TV,王一博、王子璇、严禹豪、丁冠森、吕小雨、程启蒙、焉栩嘉,青春
暗恋橘生淮南,24,2017,6月10日 腾讯视频,朱颜曼滋、赵顺然,青春
当她恋爱时,30,2018,6月11日 优酷,何花、王瑞昌,都市
我的盖世英雄第一季,12,2018,6月14日 爱奇艺,任宥纶、廖语辰、卢东旭、章乐韵,青春
我的盖世英雄第二季,12,2018,6月14日 爱奇艺,任宥纶、廖语辰、卢东旭、章乐韵,青春
我的白鲸男友,24,2018,6月19日 爱奇艺,李俊辰、王瑛瑛,悬疑
站在你的角度看我第二季,12,2018,6月19日 爱奇艺,朱圣祎、王关彭、徐晗,都市
我心深触,28,2018,6月19日 腾讯视频,周澄奥、王可如、李茂、崔心心,悬疑
火爆天王,24,2017,6月24日 腾讯视频,谭学亮、陈衍利,都市
陈情令,50,2018,6月27日 腾讯视频,肖战、王一博、孟子义、宣璐,古装
嘿！客栈,16,2017,6月27日 优酷/爱奇艺,吴浩、许歌、孙逸仁、王骊亚、高宇航,都市
超级影后之初次做人,12,2018,6月28日 爱奇艺,朱一文,都市
热搜女王,15,2018,7月4日 搜狐视频,李昕岳、王祉萱、刘贾玺、张馨比、丹尼斯·吴、瞿颖、徐开骋,都市
天雷一部之春花秋月,40,2018,7月5日 优酷,李宏毅、赵露思、吴俊余,古装
超级玩家,12,2017,7月8日 爱奇艺,田雷、逯子,古装
再见，将来,12,2018,7月9日 爱奇艺,罗彬、李萌萌、张敬言、王永超,都市
少年江湖物语,24,2018,7月10日 爱奇艺,周彦辰、骆明劼,古装
那年夏天有风吹过,27,2018,7月11日 芒果TV,蔡尧、朱玉、刘育同、孟子荻、冷心清（客串:邓宁）,都市
诊室疯云,20,,7月15日 优酷,陈一、王培祎、刘梦梦,都市
天真派西游记,16,2018,7月15日 腾讯视频（首播），7月25日 金鹰卡通卫视（上星）,葛奕德、段智文、万君逸、董家忱,古装
无主之城,24,2018,7月24日 爱奇艺,杜淳、刘奕君、许龄月、代旭,悬疑
全职高手,40,2018,7月24日 腾讯视频,杨洋、江疏影、赖雨濛、赖艺、李沐宸,青春
你的未来已签收,12,2018,7月30日 优酷,孙旸、崔奕、杨铭,都市
我的单板女孩第一季,12,2018,7月31日 爱奇艺,李川、康宁,都市
唯美貌不可辜负,24,2018,7月31日 爱奇艺,高泰宇、辛瑞琪、胡浩博,都市
凸变英雄BABA,8,2019,8月3日 Bilibili,衣云鹤、高煜霏,科幻
谋爱上瘾,24,2018,8月12日 爱奇艺,陈艳茜、蒙恩、祖怀、杜雯静,都市
我的邻居睡不着,24,2018,8月13日 优酷,陈怡馨、王子鑫、马雪阳,都市
极限17：羽你同行,12,2019,8月13日 腾讯视频/芒果TV,梁靖康、杨超越,春青
食分喜欢你,20,2019,8月15日 芒果TV,陈博豪、屠芷莹、晏紫东,都市
我的单板女孩第二季,12,2018,8月15日 爱奇艺,李川、康宁,都市
蛋黄人,12,2016,8月16日 爱奇艺,林柏宏、虞朗、于翔、陈碧舸、高至霆、范立美、万国鹏,科幻
外星女生柴小七,28,2018,8月19日 腾讯视频,徐志贤、万鹏、杨玥、王宥钧、李铭顺、张萌,科幻
金斩，有何贵干？,12,2019,8月20日 腾讯视频,谢兴阳、叶盛佳,青春
走进你的记忆,24,2018,8月21日 腾讯视频,赵志伟、宋妍霏、钟祺、汪卓成、吴恙、魏巍,青春
象限之眼,12,2018,8月26日 爱奇艺,郭万超、廖越,悬疑
九千米爱情,24,2018,8月29日 腾讯视频,王以纶、李婷婷,青春
伪钞者之末路,24,2018,9月3日 爱奇艺,吴优、李卓阳、郝平,悬疑
你是我眼中的山川和海洋,24,2018,9月3日 优酷,黄圣池、樊治欣,青春
命悬一线的浪漫,12,2017,9月6日 爱奇艺,李汶翰、苏梦芸,都市
飞虎之雷霆极战,30,2018,9月6日 优酷,苗侨伟、黄宗泽、吴卓羲、李·佩斯、马国明、吴启华,涉案
极限17：滑魂,12,2019,9月10日 腾讯视频/芒果TV,郭子凡、邓恩熙,春青
我是班主任,13,2019,9月10日 优酷,喻恩泰、贾梓媛、常仕欣、王俊凯、关晓彤、柳岩、陈月末、岳跃利,春青
湾湾暖辰光,13,2018,9月11日 爱奇艺,何佳颖、周晨晞、朱俊麟,都市
失恋疗养院,12,2019,9月18日 爱奇艺,盖玥希、裴子添、贾宗超、胡丹丹（客串:蒋毅、徐申东）,都市
哪里有彩虹告诉我,31,2018,9月20日 芒果TV,李海娜、侯东、朱涵驿,都市
国民老公2,26,2019,9月23日 腾讯视频,熊梓淇、赖雨濛、虞祎杰、陈姝君、陈诗敏,都市
极限17：扣杀,12,2019,9月24日 腾讯视频/芒果TV,朱致灵、徐梦洁、邱虹凯,春青
青柠男女第一季,12,2017,9月24日 爱奇艺,王燕阳、徐晓璐、孙伟豪、赵文龙,都市
上锁的房间,26,2018,9月26日 优酷,金世佳、啜妮、陈奕龙、肖顺尧,悬疑
外貌至上主义,38,2019,9月26日 腾讯视频,张大大、朴所罗门、王子璇、李玉玺,青春
门风传(第一部),13,2019,9月30日 爱奇艺,潘兴源、马小雅、高泽群,乡土
别碰我心底的小柔软,20,2018,10月7日 腾讯视频/优酷/芒果TV,易恒、辛瑞琪、倪言、蔡宜达,青春
我不能恋爱的女朋友,28,2018,10月8日 优酷,许魏洲、乔欣、周艺轩、王嘉宁、王亮、张沐莀、王嘉宁、徐洁儿、姬天语,青春
青柠男女第二季,12,2017,10月9日 爱奇艺,王燕阳、徐晓璐、孙伟豪、赵文龙,都市
满满喜欢你,32,2018,10月10日 腾讯视频/芒果TV,鲁照华、刘昱晗,青春
明月照我心,36,2019,10月14日 腾讯视频,方逸伦、凌美仕、张博涵（客串:张天霖、陶珞依）,古装
进击的实习生2：网红计划,10,2018,10月14日 IPTV熊猫体娱,程泓鑫、王奕嘉、李波、曹欣悦、马嘉伟,青春
竹马钢琴师,28,2018,10月17日 优酷/芒果TV,方逸伦、金雯昕、文苡帆、李梦颖,都市
没有秘密的你,32,2019,10月17日 腾讯视频,戚薇、金瀚、王阳明、黄梦莹、黄一琳,都市
蜀汉酒楼,12,2018,10月18日 爱奇艺,许君聪、代文雯、傅迦、王嘉宁、梁杰理、黄新皓、谢祖武,古装
时空来电,32,2018,10月23日 腾讯视频,李小冉、杜淳、王天辰,悬疑
水墨人生,24,2019,10月25日 爱奇艺,吕小雨、冯荔军、李莎旻子、白力嘎、陈梦希、王迩忆璇、刘泽庭,民初
生活对我下手了2,40,2019,10月28日 爱奇艺,辣目洋子（客串:赵天宇、阿云嘎、冯建宇、周彦辰、董力、于小彤、白客）,都市
御狐之绊第一季,12,2017,10月29日 爱奇艺,冯铭潮、张籽沐、杨恭如、李彩桦、邢恩、张明明,科幻
恋恋江湖,24,2018,10月30日 爱奇艺,姜贞羽、杨仕泽、徐凯鑫、何宜谦、李嘉豪,古装
最强狂兵,20,2018,10月31日 优酷,于跃、张澎澎、关亚军、王霏、安雅萍、薛景瑞（客串:傅程鹏）,涉案
白狐的人生,24,2017,11月4日 腾讯视频,郭俊辰、鲁照华,科幻
爱的着陆,22,2017,11月6日 腾讯视频,何索、陈赛赛,青春
荆棘鸟,5,,11月7日 搜狐视频,杜秀军、李祖瀛,都市
大学宿舍生活,12,2018,11月7日 爱奇艺,李菁菁、刘向京、王水林、王能、李嘉鑫、厉蔺菲、黄文滨、王金轩、郝明奇、周雨辰,青春
从前有座灵剑山,37,2018,11月12日 爱奇艺/腾讯视频,许凯、张榕容、朱元冰、高雨儿、郭晓婷,古装
异域档案之暹罗密码,24,2017,11月13日 腾讯视频,谢彬彬、王洋、许绍雄、曾江、骆达华、洪诗（客串:骆应钧）,悬疑
弘孝客栈,14,2019,11月14日 搜狐视频,詹欣岚、谢亚柯、唐天一,古装
心灵法医,36,2018,11月18日 爱奇艺,聂远、宋轶、芦芳生、张庭菲、郭耘奇、张光北、于明加,悬疑
半城明媚半城雨,24,2018,11月25日 爱奇艺,杨馥羽、林世杰、赵诚宇、陈叶玲（客串:张天霖）,民初
不思异：录像,11,,11月26日 Bilibili,邢昀、孙一明、孙嘉俊、李菁、吴彦琦、王辰昊、刘巴特尔、季丹妮、越娜、张帆、李博洋、李东则,悬疑
未经安排的青春,29,2018,11月29日 优酷,黄宥明、余昊洋、张芮晴、周历杰、子望、叶思伟,青春
一夜新娘,24,2019,11月30日 芒果TV,袁昊、易柏辰、赵昭仪,古装
你是我的奇迹,23,2018,12月2日 腾讯视频,季肖冰、龚婉怡,都市
御狐之绊第二季,12,2017,12月3日 爱奇艺,冯铭潮、张籽沐、奚美娟、方晓莉、金美伶,科幻
天机十二宫,24,2019,12月4日 爱奇艺,宋文作、胡意旋,古装
反骗天下,24,2018,12月4日 腾讯视频,高仁、肖宇梁、范梦、刘洋、保剑锋,悬疑
不知东方既白,24,2019,12月5日 腾讯视频/搜狐视频,王仁君、张静静、余玥、宋一雄、沈建宏,律政
惹不起的殿下大人,30,2019,12月7日 腾讯视频/芒果TV,唐晓天、黄日莹、吕昀峰、林枫松、陈柏融,古装
天使的眼睛第一季,12,2017,12月12日 爱奇艺,宣璐、王羽铮、杨奇鸣,科幻
梦回,40,2018,12月14日 腾讯视频,李兰迪、王安宇、辛云来、孙安可,古装
身为一个胖子,24,2019,12月18日 芒果TV,张轩睿、戚砚笛、马梦唯、邱柏皓,都市
青春，我们不一样,12,2018,12月23日 爱奇艺,叶梓靖、徐源、史佩瑶、林立浩,青春
隔壁的兄弟很和睦,30,2019,12月23日 爱奇艺,黄艺馨、徐晗、金博,都市
拜托，请你爱我,24,2019,12月23日 芒果TV,张雨剑、许晓诺、高瀚宇（客串:赵志伟）,都市
淑女飘飘拳,24,2018,12月25日 优酷,毕雯珺、孙千、丁泽仁、贾征宇（客串:高雄、九孔、陈秀珠、楼学贤、佐藤宽太）,青春
边境线之冷焰,24,2018,12月26日 腾讯视频,李雅男、甘露、苏可、傅天骄,悬疑
逆青春第二季,15,,12月26日 爱奇艺,孟彦森、张潘靓子、马倩倩,青春
天使的眼睛第二季,12,2017,12月27日 爱奇艺,宣璐、王羽铮、杨奇鸣,科幻
我们的留学日志,12,,12月27日 芒果TV,金帅男、罗媞、赖嘉豪,都市
金枝玉叶,6,2018,12月31日 Netflix,王一哲、王鹤润、王宇威、许晓诺,古装
G12特别行动组——未来战士,25,2013,1月3日 优酷,任天野、牛丽燕、张笑君、魏辰妃、李岷城,军旅
启航,36,2018,1月9日 央视一套,果靖霖、姚刚、梁植、程愫、甘雨（客串:刘威、翟万臣）,改革
天衣无缝,46,2017,1月10日 江苏/浙江卫视,秦俊杰、徐璐、陆毅、胡海锋、张芷溪、朱刚日尧、莫小奇、丁勇岱、丁海峰（客串:吴秀波、胡静、吴越、李乃文、赵韩樱子、吴刚、许亚军、李建义、刘威葳、钱泳辰、高露、谭凯）,革命
欢喜盈门 / 富贵盈门,42,2018,1月20日 南京教育科技频道（首播），9月4日 安徽卫视（上星）,潘长江,乡土
无名卫士 / 忠诚卫士,42,2016,1月20日 上海新闻综合频道（首播），5月31日 央视八套（上星）,李乃文、张晞临、叶静、胡丹丹（客串:颜丹晨）,革命
上将洪学智,30,2013,1月21日 央视八套,姚刚、张晶晶、李大昕、王伟志,革命
温暖的村庄,40,2017,1月23日 沈阳新闻综合频道（首播），1月27日 山东/宁夏卫视（上星）,王佑硕、赵圆瑗、丁海峰、岳红、范雷、谢园、黑妹、来喜（客串:范明、谢孟伟）,乡土
迷线,35,2014,1月25日 安徽影视频道,吴健、赵燕国彰、王强,涉案
天下无诈,40,2017,1月30日 北京卫视,郭晓东、徐悦、王茜、付嘉、巴图、薛皓文、戚九洲、丁志城、晏紫东（客串:董勇、艾丽娅、黄曼、刘亚津、孙茜、刘威、柳岩、林雪、徐少强、李勤勤、杨立新、高捷）,涉案
大明湖畔有人家第二季,20,2018,2月5日 济南新闻综合频道,小济南、小云,改革
国宝奇旅,42,2017,2月6日 浙江/江苏卫视,刘烨、袁姗姗、张瑞涵,抗战
风雨上海滩,30,2009,2月15日 湖北综合频道,张歆艺、靳东、孟瑶、齐奎,年代
红鲨突击,49,2018,2月17日 江阴电视台新闻综合频道（首播），11月4日 河南/广西卫视（上星）,唐曾、战菁一、李东恒、杨梓墨,革命
家道颖颖第一部：坐绿皮车回家,4,,2月18日 央视一套(17:20),,生活
老中医,63,2017,2月21日 央视一套,陈宝国、冯远征、许晴、陈月末、南吉、张志忠、曹可凡、丁嘉丽（客串:倪大红、王雷）,当代
觉醒,47,2017,2月21日 东方电影频道（首播），2020年6月26日 黑龙江卫视（上星）,曹磊、温峥嵘、侯长荣、赵文琪,抗战
芝麻胡同,55,2018,2月22日 北京/东方卫视,何冰、王鸥、刘蓓、冯文娟、侯煜、毕彦君、方子哥,乡土
冷案,30,2017,3月4日 腾讯视频,李媛、施诗、王雨、陈牧扬（客串:李诚儒、王庆祥、程煜、杨新鸣、娟子）,涉案
龙潭双枪,42,2018,3月5日 江苏城市频道,奚望、何奉天,谍战
谍海追踪,38,2017,3月7日 镇江电视台三套（首播），2020年11月15日 重庆卫视（上星）,张倬闻、李琳、张雯、牟凤彬,谍战
枪口之火线孤城,41,2017,3月7日 泰州一套,吴樾、肖茵、王婉中（客串:颜丹晨）,谍战
有个地方叫马兰,32,2015,3月10日 央视八套,宋运城、马竟,传奇
天网行动,35,2012,3月12日 优酷,霍政谚、朱研、谭峰、朱一龙、董妮娜,涉案
红,40,2017,3月18日 深圳电视剧频道,程皓枫、尹航,抗战
共产党人刘少奇,46,2017,3月19日 央视一套,赵波、侯京健、夏德俊、徐百卉,传奇
大哥 / 一路上有你,48,2018,3月19日 上海电视剧频道（首播），2020年12月24日 重庆卫视（上星）,李健、徐百卉（客串:沈丹萍）,生活
燕阳春,48,2017,3月20日 常州新闻综合频道（首播），4月4日 山东卫视（上星）,徐百卉、刘牧,年代
铜鼓密码,35,2017,3月26日 江苏城市频道,代超、刘洁涵、王菁华、闪蓝桥、李艳冰、张一鸾,抗战
老虎队,50,2018,3月31日 上海新闻综合频道（首播），6月14日 央视八套（上星）,李健、王珂、王新军、韩宇辰,革命
晨阳,24,2017,4月9日 爱奇艺,杨仕泽、蔡知辰、冯建宇、吕星辰,涉案
风雨老字号,42,2017,4月12日 江苏城市频道,李幼斌、齐志鹏、隋俊波、张光北、孙松、史兰芽,年代
因法之名,45,2016,4月14日 北京卫视,李幼斌、李小冉、张丰毅、石天琦、马晓伟、马少骅、陈锐、史兰芽、王骁、隋栐良、李岷城,涉案
永远的战友,28,2016,4月22日 央视一套,黄薇、刘劲、王馥荔、马晓伟（客串:唐国强、王伍福）,革命
航勒村的故事,26,2016,4月22日 新疆广播电视台三套,,乡土
火神,43,2017,4月23日 上海新闻综合频道,朱泳腾、隋俊波、高明、张晞临、丁海峰,革命
反恐特战队之天狼,48,2018,4月30日 爱奇艺,杨旭文、代斯、魏晨、周庭伊、李幼斌、石兆琪,军旅
尖刀之风雷诀,45,2017,5月6日 山东齐鲁频道,徐佳、王婷、赵毅、卢星宇、姜超、牛北壬（客串:黑子）,抗战
我和我的儿女们,36,2018,5月7日 上海电视剧频道（首播），9月14日 央视八套（上星）,吕凉、徐囡楠,生活
破冰行动,48,2018,5月7日 爱奇艺（首播），5月10日 央视八套（上星）,黄景瑜、吴刚、王劲松、任达华（客串:高明、骆应钧）,涉案
一言九鼎,56,2017,5月10日 重庆影视频道,初鹏旭、刘畅、斯琴高丽（客串:左小青）,年代
多彩庄家院,40,2016,5月10日 舒兰电视台新闻综合频道,郭旺、王晓曦,乡土
我怕来不及,60,2018,5月14日 河北农民频道（首播），11月30日 央视八套（上星）,唐曾、徐小飒（客串:梅婷）,乡土
计中计,45,2016,5月15日 上海新闻综合频道,樊霖锋、蒋方婷、谢君豪,谍战
麦香,36,2018,5月18日 央视一套,傅晶、章贺,改革
警官王快乐,40,2018,5月21日 徐州经济生活频道（首播），2022年1月13日 北京卫视（上星）,海一天、黄婧、张光北、刘佩琦,生活
一碗沧桑,34,2017,5月22日 江苏城市频道,富大龙、孙茜、凌潇肃、张晞临,年代
红腰鼓,45,2018,6月5日 沈阳经济频道,程铮、林江国、王玲玲、朱泳腾、王志远、赵亮、马京京,抗战
热血芳华,44,2016,6月8日 江苏城市频道,钱泳辰、刘芊含、王文娜、刘鑫、陈伟栋、何云龙、寇振海,革命
读心探案,28,2011,6月10日 爱奇艺,刘晓晔、孙浩洋（客串:刘涛）,涉案
共和国血脉,46,2017,6月12日 央视一套,王聪、蒋方婷、任程伟,改革
平安扣,35,,6月18日 宁波新闻综合频道,曹磊、马师红,涉案
乡亲乡爱,40,2015,6月19日 优酷,范伟、刘冠言 、潘小样、黑妹,乡土
神犬小七3,43,2016,6月27日 爱奇艺/腾讯视频,姜潮、宋妍霏、王洋,军旅
锻刀之绝地重生,44,2017,6月30日 泰州一套（首播），12月18日 央视八套（上星）,徐僧、冯文娟、刘敏、郝荣光、刘雨鑫、唐国忠,革命
猎手,40,2018,7月3日 南京新闻综合频道（首播），2020年8月23日 央视八套（上星）,李思博、钱迪迪、于震、李健、石兆琪,革命
可爱的中国,39,2018,7月4日 央视一套,林江国、缪婷茹（客串:唐国强、印小天、郭广平、黄品沅、宗峰岩、黑子）,革命
花开时节,32,2017,7月11日 央视八套,陈冠英、孙萍丽,乡土
在桃花盛开的地方,33,2015,7月21日 央视八套,丁柳元、刘之冰、丁勇岱、王姬、岳红、孙维民,乡土
铁家伙,37,2018,7月23日 云南都市频道,王挺、刘一含（客串:丁志诚、石兆琪）,抗战
黄金大劫案,29,2013,7月25日 上视新闻综合频道,杜淳、马苏,年代
版纳风云,39,2017,7月26日 北京影视频道,印小天、孟丽、于荣光、朱晓渔、陈龙、徐少强（客串:唐国强、刘劲、王伍福）,革命
特赦1959,39,2018,7月29日 央视一套,张铎、奚望、曹克难、高一玮、赵恒煊、肖荣生（客串:孙维民、马晓伟、翟万臣）,年代
兰桐花开,46,2018,8月1日 央视八套,闫学晶、吴京安、来喜、齐志鹏、李君峰、何翯、马歌、雷恪生,乡土
好汉,39,2017,8月14日 江苏城市频道,刘恩佑、魏震、乔乔、奚望、黑子、梅俪儿、谭建昌、黎明明、高明,谍战
战地迷情,52,2017,8月15日 央视八套,于波、高曙光、吴千语、刘德凯,谍战
进错门的女人,34,2013,8月15日 天津文艺频道,刘佩琦、田丽、方青卓,乡土
善始善终,42,2018,8月21日 爱奇艺,秦俊杰、孙铱、薛皓文、尹子维,涉案
女马帮,32,2010,8月24日 陕西卫视(午夜),刘小锋、沈佳妮,抗战
老酒馆,42,2018,8月26日 北京/广东卫视,陈宝国、秦海璐、冯雷、刘桦、程煜、冯恩鹤、巩汉林、方清平、牛犇、石兆琪、白志迪、曹可凡、张晞临、陈月末（客串:王晓晨、袁姗姗）,年代
伟大的转折,38,2019,8月26日 央视一套,侯京健、许敏、王韦智、吴佟,革命
陆战之王,52,2017,8月26日 浙江/东方卫视,陈晓、王雷、吴樾,军旅
勇敢者,36,2017,8月26日 厦门新闻频道,曹征、陈洁、申军谊,革命
暴风骤雨,50,2015,9月2日 江苏城市频道,张若昀、高洋、钱枫、姚安濂、孙怡、彦晰、杨舒婷,革命
陇原英雄传,36,2017,9月8日 南通新闻综合频道,任天野、陈维涵、张洪睿、齐芳、常荻、赵波、解惠清、高峰、杜志国、侯天来、张光北,革命
小镇警事,40,2018,9月13日 枣庄公共频道（首播），2020年8月12日 央视八套（上星）,张国强、李琦、李博、于月仙,乡土
空降利刃,48,2018,9月15日 江苏卫视,贾乃亮、邢佳栋、李纯、张赫、李岷城,军旅
遍地阳光,36,2013,9月16日 腾讯视频,吴健、陈维涵、高明,都市
外交风云,48,2018,9月19日 北京/广东卫视,唐国强、孙维民、郭连文、王伍福、卢奇、谷伟、黄薇、王雅捷（客串:董勇 、刘恺威、徐百慧、杨童舒）,传奇
飞行少年,36,2017,9月23日 爱奇艺/腾讯视频（首播），9月25日 安徽/深圳卫视（上星）,严屹宽、范世琦、孙铱（客串:闫妮、周小斌）,军旅
激情的岁月,36,2019,9月23日 央视一套,李光洁、高露、李健,改革
国家孩子,44,2018,9月26日 央视八套,傅程鹏、徐洪浩、杨舒、王梓桐、刘小锋、熊睿玲、卢勇、霍尔查、赵思源,乡土
掩不住的阳光,43,2013,10月5日 东方电影频道下午（首播），11月6日 央视八套（上星）,吴其江、金晨、刘之冰、聂远（客串:刘佩琦、王庆祥、刘劲、卢奇）,革命
学警旋风,30,2017,10月8日 腾讯视频/芒果TV,刘潮、隋雨蒙（客串:侯天来、李成儒）,涉案
光荣时代,46,2019,10月13日 江苏/北京卫视,张译、黄志忠、潘之琳、薛佳凝、张隽溢、王骁,革命
一马三司令,34,2017,10月16日 央视八套,张明健、李君峰、吴其江、何林翰、杨轶然、李幼斌、刘之冰,抗战
谍战深海之惊蛰,45,2019,10月22日 湖南卫视金鹰独播剧场,张若昀、王鸥、孙艺洲、阚清子、王泷正、于小伟,抗战
奔腾年代,46,2019,10月24日 浙江/东方卫视,佟大为、蒋欣、赵达、梁爱琪、徐小飒、李解、白冰、白志迪、朱茵,改革
希望的大地,37,2019,10月25日 央视一套,杨峥、姜妍、印小天、菅纫姿、李雪健、林江国、宗峰岩、徐佳、张博宇、斓曦（客串:林永健、巫刚、刘佳、黄品沅）,改革
河山,50,2018,11月6日 北京卫视,王新军、秦海璐、张嘉译、辛柏青、尤勇、赵亮（客串:李雪健、石兆琪）,革命
归鸿,39,2017,11月6日 江苏卫视,凌潇肃、刘一含、富大龙、邵峰、陈逸恒、冯恩鹤、石天琦,革命
苦菜花,44,2018,11月13日 辽宁经济频道,王红舟、张颖、李琳、陶红、郭家铭,革命
向往的生活,35,2016,11月17日 威海新闻综合频道（首播），2021年1月1日 广东卫视（上星）,张国强、傅晶、郭家铭、张雯,乡土
都是一家人,34,2017,11月19日 央视八套,林永健、郭达、梅丽古力·艾合买提（客串:侯勇、杨童舒）,改革
漫长的告别,22,2018,11月22日 优酷,周峻纬、何晟铭、蒲巴甲、习雪,涉案
我哥我嫂,57,2018,11月26日 扬州二套（首播），2020年3月28日 央视八套（上星）,王雅捷、王挺、王丽云、周扬、吴其江,年代
海之谣,45,2017,11月26日 济南新闻综合频道,黄曼、万思维、赵峥,年代
红色巨塔,41,2016,12月1日 宁波新闻综合频道,金铭、赵锦焘、梁又琳、魏兆雄、徐海为,改革
绝地反击,43,2017,12月5日 深圳电视剧频道（首播），2020年10月30日 山东卫视（上星）,王新、阿丽亚,抗战
青谷子,40,2015,12月6日 江苏城市频道（首播），2021年2月9日 黑龙江卫视（上星）,张一山、孙耀琦、刘畅,乡土
远方的山楂树,54,2019,12月15日 扬州二套（首播），2020年3月12日 央视八套（上星）,吴其江、马藜、林家川（客串:闫学晶）,乡土
孤独者,30,2012,12月16日 沈阳经济频道,李幼斌、何明翰、史兰芽、刘雨鑫、关雪盈,年代
一路繁华开,36,2018,12月19日 南京教育科技频道,王斑、曹颖、丁勇岱,乡土
戒毒风云,37,2014,12月19日 青岛新闻综合频道,李倩、何政军,涉案
绝境铸剑,38,2019,12月26日 央视一套,张桐、彭冠英、王乐君、潘雨辰、贾宏伟、何蓝逗（客串:郝蕾、侯京健、迟帅、朱泳腾）,革命
破局1950,48,2018,12月27日 上海电视剧频道（首播），2020年1月1日 央视八套（上星）,何明瀚、苗圃,谍战
雪豹2,,,2019年7月开机，停工时间不明[c],张铭恩、胡军、吴刚（客串:文章）,革命
